[
  {"street":"2727 Elgin St","city":"Houston","state":"TX","zipCode":"77004"},
  {"street":"3535 NE 79th St","city":"Miami","state":"FL","zipCode":"33138"},
  {"street":"4040 Crenshaw Blvd","city":"Los Angeles","state":"CA","zipCode":"90019"},
  {"street":"1515 W Division St","city":"Chicago","state":"IL","zipCode":"60622"},
  {"street":"2525 SW 142nd Ave","city":"Miami","state":"FL","zipCode":"33186"},
  {"street":"3333 St Nicholas Ave","city":"New York","state":"NY","zipCode":"10030"},
  {"street":"4444 Palms Blvd","city":"Los Angeles","state":"CA","zipCode":"90034"},
  {"street":"5050 S Cicero Ave","city":"Chicago","state":"IL","zipCode":"60652"},
  {"street":"1212 York Ave","city":"New York","state":"NY","zipCode":"10021"},
  {"street":"2828 Broadway","city":"New York","state":"NY","zipCode":"10025"},
  {"street":"1818 N Ashland Ave","city":"Chicago","state":"IL","zipCode":"60622"},
  {"street":"4141 San Vicente Blvd","city":"Los Angeles","state":"CA","zipCode":"90064"},
  {"street":"3939 Kelley St","city":"Houston","state":"TX","zipCode":"77020"},
  {"street":"2222 N Lincoln Ave","city":"Chicago","state":"IL","zipCode":"60614"},
  {"street":"606 Biscayne Blvd","city":"Miami","state":"FL","zipCode":"33132"},
  {"street":"2323 Alameda St","city":"Los Angeles","state":"CA","zipCode":"90021"},
  {"street":"1010 8th Ave","city":"New York","state":"NY","zipCode":"10019"},
  {"street":"4747 W 79th St","city":"Chicago","state":"IL","zipCode":"60652"},
  {"street":"3131 NE 20th St","city":"Miami","state":"FL","zipCode":"33137"},
  {"street":"2020 Hill St","city":"Los Angeles","state":"CA","zipCode":"90015"},
  {"street":"1111 Travis St","city":"Houston","state":"TX","zipCode":"77002"},
  {"street":"3434 Hope St","city":"Los Angeles","state":"CA","zipCode":"90017"},
  {"street":"505 Ocean Dr","city":"Miami","state":"FL","zipCode":"33139"},
  {"street":"2626 N Highland Ave","city":"Los Angeles","state":"CA","zipCode":"90028"},
  {"street":"4545 Jensen Dr","city":"Houston","state":"TX","zipCode":"77026"},
  {"street":"1919 Olympic Blvd","city":"Los Angeles","state":"CA","zipCode":"90019"},
  {"street":"3737 Lenox Ave","city":"New York","state":"NY","zipCode":"10037"},
  {"street":"5252 Fondren Rd","city":"Houston","state":"TX","zipCode":"77036"},
  {"street":"1414 SW 24th St","city":"Miami","state":"FL","zipCode":"33145"},
  {"street":"2121 Spring St","city":"Los Angeles","state":"CA","zipCode":"90015"},
  {"street":"3030 Amsterdam Ave","city":"New York","state":"NY","zipCode":"10025"},
  {"street":"4848 S Pulaski Rd","city":"Chicago","state":"IL","zipCode":"60652"},
  {"street":"1313 Walker St","city":"Houston","state":"TX","zipCode":"77002"},
  {"street":"2424 Convent Ave","city":"New York","state":"NY","zipCode":"10031"},
  {"street":"3838 S Ashland Ave","city":"Chicago","state":"IL","zipCode":"60609"},
  {"street":"1001 Sunset Blvd","city":"Los Angeles","state":"CA","zipCode":"90026"},
  {"street":"5151 Gessner Rd","city":"Houston","state":"TX","zipCode":"77041"},
  {"street":"2929 Fort Washington Ave","city":"New York","state":"NY","zipCode":"10040"},
  {"street":"4242 Barrington Ave","city":"Los Angeles","state":"CA","zipCode":"90049"},
  {"street":"1717 Park Ave","city":"New York","state":"NY","zipCode":"10035"},
  {"street":"3636 Bird Rd","city":"Miami","state":"FL","zipCode":"33155"},
  {"street":"202 Canal St","city":"New York","state":"NY","zipCode":"10013"},
  {"street":"4949 Le Conte Ave","city":"Los Angeles","state":"CA","zipCode":"90024"},
  {"street":"1212 S Michigan Ave","city":"Chicago","state":"IL","zipCode":"60605"},
  {"street":"3333 W Diversey Pkwy","city":"Chicago","state":"IL","zipCode":"60614"},
  {"street":"2525 S Figueroa St","city":"Los Angeles","state":"CA","zipCode":"90007"},
  {"street":"404 Delancey St","city":"New York","state":"NY","zipCode":"10002"},
  {"street":"3131 Martin Luther King Blvd","city":"Houston","state":"TX","zipCode":"77004"},
  {"street":"5353 S Cottage Grove Ave","city":"Chicago","state":"IL","zipCode":"60653"},
  {"street":"2222 Amsterdam Ave","city":"New York","state":"NY","zipCode":"10033"},
  {"street":"4646 Glendon Ave","city":"Los Angeles","state":"CA","zipCode":"90024"},
  {"street":"1818 Rusk Ave","city":"Houston","state":"TX","zipCode":"77002"},
  {"street":"3939 Malcolm X Blvd","city":"New York","state":"NY","zipCode":"10037"},
  {"street":"5454 S Kostner Ave","city":"Chicago","state":"IL","zipCode":"60632"},
  {"street":"2323 SW 22nd Ave","city":"Miami","state":"FL","zipCode":"33145"},
  {"street":"1111 NE 1st Ave","city":"Miami","state":"FL","zipCode":"33132"},
  {"street":"2828 Adams Blvd","city":"Los Angeles","state":"CA","zipCode":"90007"},
  {"street":"4545 SW 152nd Ave","city":"Miami","state":"FL","zipCode":"33196"},
  {"street":"3232 Broadway","city":"New York","state":"NY","zipCode":"10027"},
  {"street":"2020 Broadway","city":"New York","state":"NY","zipCode":"10023"},
  {"street":"5050 Hilgard Ave","city":"Los Angeles","state":"CA","zipCode":"90024"},
  {"street":"1919 Capitol St","city":"Houston","state":"TX","zipCode":"77002"},
  {"street":"4444 Michaux St","city":"Houston","state":"TX","zipCode":"77020"},
  {"street":"3535 Griggs Rd","city":"Houston","state":"TX","zipCode":"77021"},
  {"street":"2929 W Addison St","city":"Chicago","state":"IL","zipCode":"60618"},
  {"street":"1616 Olive St","city":"Los Angeles","state":"CA","zipCode":"90017"},
  {"street":"5555 W 47th St","city":"Chicago","state":"IL","zipCode":"60638"},
  {"street":"2727 Larchmont Blvd","city":"Los Angeles","state":"CA","zipCode":"90004"},
  {"street":"4343 Quitman St","city":"Houston","state":"TX","zipCode":"77009"},
  {"street":"3838 Adam Clayton Powell Jr Blvd","city":"New York","state":"NY","zipCode":"10027"},
  {"street":"1313 NW 27th Ave","city":"Miami","state":"FL","zipCode":"33125"},
  {"street":"2424 E 1st St","city":"Los Angeles","state":"CA","zipCode":"90033"},
  {"street":"5151 NE 10th Ave","city":"Miami","state":"FL","zipCode":"33138"},
  {"street":"3030 Blodgett St","city":"Houston","state":"TX","zipCode":"77004"},
  {"street":"1515 Polk St","city":"Houston","state":"TX","zipCode":"77002"},
  {"street":"4242 SW 136th St","city":"Miami","state":"FL","zipCode":"33186"},
  {"street":"2121 SW 40th Ave","city":"Miami","state":"FL","zipCode":"33133"},
  {"street":"3737 Exposition Blvd","city":"Los Angeles","state":"CA","zipCode":"90007"},
  {"street":"5656 S Western Ave","city":"Chicago","state":"IL","zipCode":"60632"},
  {"street":"2626 Montgomery St","city":"New York","state":"NY","zipCode":"10002"},
  {"street":"4747 Tidwell Rd","city":"Houston","state":"TX","zipCode":"77028"},
  {"street":"3434 Frederick Douglass Blvd","city":"New York","state":"NY","zipCode":"10030"},
  {"street":"1717 Caroline St","city":"Houston","state":"TX","zipCode":"77002"},
  {"street":"2828 NW 151st St","city":"Miami","state":"FL","zipCode":"33014"},
  {"street":"5252 S Archer Ave","city":"Chicago","state":"IL","zipCode":"60632"},
  {"street":"3333 Olympic Blvd","city":"Los Angeles","state":"CA","zipCode":"90019"},
  {"street":"101 Wall St","city":"New York","state":"NY","zipCode":"10005"},
  {"street":"4848 North Shepherd Dr","city":"Houston","state":"TX","zipCode":"77018"},
  {"street":"2525 SW 17th Ave","city":"Miami","state":"FL","zipCode":"33129"},
  {"street":"3939 Overland Ave","city":"Los Angeles","state":"CA","zipCode":"90034"},
  {"street":"2222 Main St","city":"Los Angeles","state":"CA","zipCode":"90015"},
  {"street":"5353 W 55th St","city":"Chicago","state":"IL","zipCode":"60638"},
  {"street":"1414 Congress Ave","city":"Houston","state":"TX","zipCode":"77002"},
  {"street":"3636 NW 57th Ave","city":"Miami","state":"FL","zipCode":"33147"},
  {"street":"2727 SW 137th Ave","city":"Miami","state":"FL","zipCode":"33186"},
  {"street":"4949 NW 137th Ave","city":"Miami","state":"FL","zipCode":"33018"},
  {"street":"1212 Figueroa St","city":"Los Angeles","state":"CA","zipCode":"90015"},
  {"street":"5454 W 47th St","city":"Chicago","state":"IL","zipCode":"60638"},
  {"street":"2323 Milam St","city":"Houston","state":"TX","zipCode":"77002"},
  {"street":"3838 NW 87th Ave","city":"Miami","state":"FL","zipCode":"33178"},
  {"street":"1919 5th Ave","city":"New York","state":"NY","zipCode":"10035"},
  {"street":"4040 Sawtelle Blvd","city":"Los Angeles","state":"CA","zipCode":"90064"},
  {"street":"2020 N Lincoln Ave","city":"Chicago","state":"IL","zipCode":"60614"},
  {"street":"5550 S King Dr","city":"Chicago","state":"IL","zipCode":"60653"},
  {"street":"3131 Claremont Ave","city":"New York","state":"NY","zipCode":"10027"},
  {"street":"4141 NW 19th St","city":"Miami","state":"FL","zipCode":"33127"},
  {"street":"2424 Bagby St","city":"Houston","state":"TX","zipCode":"77002"},
  {"street":"5050 Veterans Memorial Dr","city":"Houston","state":"TX","zipCode":"77038"},
  {"street":"3737 NW 151st St","city":"Miami","state":"FL","zipCode":"33014"},
  {"street":"1818 Broadway","city":"Los Angeles","state":"CA","zipCode":"90014"},
  {"street":"4242 NW 57th Ave","city":"Miami","state":"FL","zipCode":"33147"},
  {"street":"2929 Irvington Blvd","city":"Houston","state":"TX","zipCode":"77009"},
  {"street":"5151 W 103rd St","city":"Chicago","state":"IL","zipCode":"60652"},
  {"street":"1515 Grand Ave","city":"Los Angeles","state":"CA","zipCode":"90017"},
  {"street":"3030 NW 36th St","city":"Miami","state":"FL","zipCode":"33142"},
  {"street":"4343 SW 104th St","city":"Miami","state":"FL","zipCode":"33175"},
  {"street":"2626 Elgin St","city":"Houston","state":"TX","zipCode":"77004"},
  {"street":"1111 Louisiana St","city":"Houston","state":"TX","zipCode":"77002"},
  {"street":"5252 NW 183rd St","city":"Miami","state":"FL","zipCode":"33015"},
  {"street":"3535 NE 62nd St","city":"Miami","state":"FL","zipCode":"33138"},
  {"street":"2121 SW 22nd Ave","city":"Miami","state":"FL","zipCode":"33145"},
  {"street":"4747 NW 151st St","city":"Miami","state":"FL","zipCode":"33014"},
  {"street":"2828 NW 22nd Ave","city":"Miami","state":"FL","zipCode":"33142"},
  {"street":"5353 S Michigan Ave","city":"Chicago","state":"IL","zipCode":"60653"},
  {"street":"2323 SW 56th St","city":"Miami","state":"FL","zipCode":"33155"},
  {"street":"3939 NE 68th St","city":"Miami","state":"FL","zipCode":"33138"},
  {"street":"1717 Gray St","city":"Houston","state":"TX","zipCode":"77002"},
  {"street":"4545 Motor Ave","city":"Los Angeles","state":"CA","zipCode":"90034"},
  {"street":"2020 N Damen Ave","city":"Chicago","state":"IL","zipCode":"60647"},
  {"street":"5454 S Kedzie Ave","city":"Chicago","state":"IL","zipCode":"60629"},
  {"street":"3232 NE 29th Ave","city":"Miami","state":"FL","zipCode":"33137"},
  {"street":"4040 SW 107th Ave","city":"Miami","state":"FL","zipCode":"33175"},
  {"street":"2525 Austin St","city":"Houston","state":"TX","zipCode":"77002"},
  {"street":"1616 Lex Ave","city":"New York","state":"NY","zipCode":"10029"},
  {"street":"5050 S Western Ave","city":"Chicago","state":"IL","zipCode":"60632"},
  {"street":"3636 Irvington Blvd","city":"Houston","state":"TX","zipCode":"77009"},
  {"street":"4141 SW 22nd Ave","city":"Miami","state":"FL","zipCode":"33145"},
  {"street":"2727 SW 107th Ave","city":"Miami","state":"FL","zipCode":"33175"},
  {"street":"1313 Flower St","city":"Los Angeles","state":"CA","zipCode":"90015"},
  {"street":"5151 NE 29th Ave","city":"Miami","state":"FL","zipCode":"33137"},
  {"street":"3434 SW 72nd St","city":"Miami","state":"FL","zipCode":"33143"},
  {"street":"2222 N Milwaukee Ave","city":"Chicago","state":"IL","zipCode":"60647"},
  {"street":"4848 NW 107th Ave","city":"Miami","state":"FL","zipCode":"33178"},
  {"street":"2929 SW 87th Ave","city":"Miami","state":"FL","zipCode":"33173"},
  {"street":"1010 Louisiana St","city":"Houston","state":"TX","zipCode":"77002"},
  {"street":"5252 SW 136th St","city":"Miami","state":"FL","zipCode":"33186"},
  {"street":"3737 NW 167th St","city":"Miami","state":"FL","zipCode":"33015"},
  {"street":"2424 SW 56th St","city":"Miami","state":"FL","zipCode":"33155"},
  {"street":"4343 Fulton St","city":"Houston","state":"TX","zipCode":"77009"},
  {"street":"1818 Rusk Ave","city":"Houston","state":"TX","zipCode":"77002"},
  {"street":"5353 W 47th St","city":"Chicago","state":"IL","zipCode":"60638"},
  {"street":"3838 NW 107th Ave","city":"Miami","state":"FL","zipCode":"33178"},
  {"street":"2121 San Jacinto St","city":"Houston","state":"TX","zipCode":"77002"},
  {"street":"4949 NW 167th St","city":"Miami","state":"FL","zipCode":"33015"},
  {"street":"2626 NW 167th St","city":"Miami","state":"FL","zipCode":"33015"},
  {"street":"1515 SW 17th Ave","city":"Miami","state":"FL","zipCode":"33129"},
  {"street":"5454 W 63rd St","city":"Chicago","state":"IL","zipCode":"60629"},
  {"street":"3333 NE 54th St","city":"Miami","state":"FL","zipCode":"33137"},
  {"street":"4040 Airline Dr","city":"Houston","state":"TX","zipCode":"77009"},
  {"street":"2727 NE 125th St","city":"Miami","state":"FL","zipCode":"33181"},
  {"street":"1212 SW 8th St","city":"Miami","state":"FL","zipCode":"33135"},
  {"street":"5555 S Pulaski Rd","city":"Chicago","state":"IL","zipCode":"60652"},
  {"street":"3939 SW 136th St","city":"Miami","state":"FL","zipCode":"33186"},
  {"street":"2323 Hutchins St","city":"Houston","state":"TX","zipCode":"77004"},
  {"street":"4444 SW 142nd Ave","city":"Miami","state":"FL","zipCode":"33186"},
  {"street":"3030 NE 36th St","city":"Miami","state":"FL","zipCode":"33137"},
  {"street":"1919 Dallas St","city":"Houston","state":"TEXAS","zipCode":"77002"},
  {"street":"5050 NW 167th St","city":"Miami","state":"FL","zipCode":"33015"},
  {"street":"3535 SW 142nd Ave","city":"Miami","state":"FL","zipCode":"33186"},
  {"street":"2828 Santa Monica Blvd","city":"Los Angeles","state":"CA","zipCode":"90038"},
  {"street":"4141 NE 10th Ave","city":"Miami","state":"FL","zipCode":"33138"},
  {"street":"2222 SW 57th Ave","city":"Miami","state":"FL","zipCode":"33155"},
  {"street":"1616 Broadway","city":"Los Angeles","state":"CA","zipCode":"90014"},
  {"street":"5151 SW 152nd Ave","city":"Miami","state":"FL","zipCode":"33196"},
  {"street":"3636 NE 79th St","city":"Miami","state":"FL","zipCode":"33138"},
  {"street":"2525 SW 87th Ave","city":"Miami","state":"FL","zipCode":"33173"},
  {"street":"4646 NW 87th Ave","city":"Miami","state":"FL","zipCode":"33178"},
  {"street":"1313 Scott St","city":"Houston","state":"TX","zipCode":"77004"},
  {"street":"5252 NE 164th St","city":"Miami","state":"FL","zipCode":"33160"},
  {"street":"3737 SW 104th St","city":"Miami","state":"FL","zipCode":"33175"},
  {"street":"2424 NW 39th Ave","city":"Miami","state":"FL","zipCode":"33142"},
  {"street":"4747 NW 87th Ave","city":"Miami","state":"FL","zipCode":"33178"},
  {"street":"1717 Congress Ave","city":"Houston","state":"TX","zipCode":"77002"},
  {"street":"3434 NE 36th St","city":"Miami","state":"FL","zipCode":"33137"},
  {"street":"2929 SW 107th Ave","city":"Miami","state":"FL","zipCode":"33175"},
  {"street":"4242 NE 29th Ave","city":"Miami","state":"FL","zipCode":"33137"},
  {"street":"2020 SW 27th Ave","city":"Miami","state":"FL","zipCode":"33133"},
  {"street":"5353 NE 10th Ave","city":"Miami","state":"FL","zipCode":"33138"},
  {"street":"3838 SW 136th St","city":"Miami","state":"FL","zipCode":"33186"},
  {"street":"2121 SW 72nd St","city":"Miami","state":"FL","zipCode":"33143"},
  {"street":"4848 SW 152nd Ave","city":"Miami","state":"FL","zipCode":"33196"},
  {"street":"1414 Coral Way","city":"Miami","state":"FL","zipCode":"33145"},
  {"street":"5454 NE 79th St","city":"Miami","state":"FL","zipCode":"33138"},
  {"street":"3131 SW 40th Ave","city":"Miami","state":"FL","zipCode":"33133"},
  {"street":"4343 NW 57th Ave","city":"Miami","state":"FL","zipCode":"33147"},
  {"street":"2626 Bird Rd","city":"Miami","state":"FL","zipCode":"33155"},
  {"street":"4949 NE 62nd St","city":"Miami","state":"FL","zipCode":"33138"},
  {"street":"1515 SW 27th Ave","city":"Miami","state":"FL","zipCode":"33133"},
  {"street":"3232 SW 56th St","city":"Miami","state":"FL","zipCode":"33155"},
  {"street":"2323 NW 22nd Ave","city":"Miami","state":"FL","zipCode":"33142"},
  {"street":"5050 NE 125th St","city":"Miami","state":"FL","zipCode":"33181"},
  {"street":"3535 NE 54th St","city":"Miami","state":"FL","zipCode":"33137"},
  {"street":"2828 SW 87th Ave","city":"Miami","state":"FL","zipCode":"33173"},
  {"street":"4141 NW 39th Ave","city":"Miami","state":"FL","zipCode":"33142"},
  {"street":"2222 SW 40th Ave","city":"Miami","state":"FL","zipCode":"33133"},
  {"street":"5151 SW 107th Ave","city":"Miami","state":"FL","zipCode":"33175"},
  {"street":"3636 SW 72nd St","city":"Miami","state":"FL","zipCode":"33143"},
  {"street":"2525 NE 62nd St","city":"Miami","state":"FL","zipCode":"33138"},
  {"street":"4646 SW 136th St","city":"Miami","state":"FL","zipCode":"33186"},
  {"street":"1313 SW 17th Ave","city":"Miami","state":"FL","zipCode":"33129"},
  {"street":"5252 NW 151st St","city":"Miami","state":"FL","zipCode":"33014"},
  {"street":"3737 NE 36th St","city":"Miami","state":"FL","zipCode":"33137"},
  {"street":"2424 NE 20th St","city":"Miami","state":"FL","zipCode":"33137"},
  {"street":"4747 SW 152nd Ave","city":"Miami","state":"FL","zipCode":"33196"},
  {"street":"1717 SW 27th Ave","city":"Miami","state":"FL","zipCode":"33133"},
  {"street":"3434 SW 22nd Ave","city":"Miami","state":"FL","zipCode":"33145"},
  {"street":"2929 NE 29th Ave","city":"Miami","state":"FL","zipCode":"33137"},
  {"street":"4242 SW 107th Ave","city":"Miami","state":"FL","zipCode":"33175"},
  {"street":"2020 NE 36th St","city":"Miami","state":"FL","zipCode":"33137"},
  {"street":"5353 SW 136th St","city":"Miami","state":"FL","zipCode":"33186"},
  {"street":"3838 NE 54th St","city":"Miami","state":"FL","zipCode":"33137"},
  {"street":"2121 NW 39th Ave","city":"Miami","state":"FL","zipCode":"33142"},
  {"street":"4848 NE 79th St","city":"Miami","state":"FL","zipCode":"33138"},
  {"street":"1414 SW 40th Ave","city":"Miami","state":"FL","zipCode":"33133"},
  {"street":"5454 SW 87th Ave","city":"Miami","state":"FL","zipCode":"33173"},
  {"street":"3131 NE 62nd St","city":"Miami","state":"FL","zipCode":"33138"},
  {"street":"4343 SW 27th Ave","city":"Miami","state":"FL","zipCode":"33133"},
  {"street":"2626 NE 20th St","city":"Miami","state":"FL","zipCode":"33137"},
  {"street":"4949 SW 56th St","city":"Miami","state":"FL","zipCode":"33155"},
  {"street":"1515 NE 29th Ave","city":"Miami","state":"FL","zipCode":"33137"},
  {"street":"3232 SW 72nd St","city":"Miami","state":"FL","zipCode":"33143"},
  {"street":"2323 SW 136th St","city":"Miami","state":"FL","zipCode":"33186"},
  {"street":"3939 NE 29th Ave","city":"Miami","state":"FL","zipCode":"33137"},
  {"street":"2727 SW 22nd Ave","city":"Miami","state":"FL","zipCode":"33145"},
  {"street":"4040 NE 36th St","city":"Miami","state":"FL","zipCode":"33137"},
  {"street":"3333 SW 40th Ave","city":"Miami","state":"FL","zipCode":"33133"},
  {"street":"2828 NE 36th St","city":"Miami","state":"FL","zipCode":"33137"},
  {"street":"4141 SW 56th St","city":"Miami","state":"FL","zipCode":"33155"},
  {"street":"2222 SW 107th Ave","city":"Miami","state":"FL","zipCode":"33175"},
  {"street":"3636 NE 54th St","city":"Miami","state":"FL","zipCode":"33137"},
  {"street":"2525 SW 152nd Ave","city":"Miami","state":"FL","zipCode":"33196"},
  {"street":"4646 NE 62nd St","city":"Miami","state":"FL","zipCode":"33138"},
  {"street":"1313 NE 20th St","city":"Miami","state":"FL","zipCode":"33137"},
  {"street":"5252 SW 87th Ave","city":"Miami","state":"FL","zipCode":"33173"},
  {"street":"3737 SW 136st Ave","city":"Miami","state":"FL","zipCode":"33186"},
  {"street":"2424 NE 29th Ave","city":"Miami","state":"FL","zipCode":"33137"},
  {"street":"4747 SW 107th Ave","city":"Miami","state":"FL","zipCode":"33175"},
  {"street":"1717 NE 36th St","city":"Miami","state":"FL","zipCode":"33137"},
  {"street":"3434 SW 152nd Ave","city":"Miami","state":"FL","zipCode":"33196"},
  {"street":"2929 SW 56th St","city":"Miami","state":"FL","zipCode":"33155"},
  {"street":"4242 NE 54th St","city":"Miami","state":"FL","zipCode":"33137"},
  {"street":"2020 SW 136th St","city":"Miami","state":"FL","zipCode":"33186"},
  {"street":"5353 NE 62nd St","city":"Miami","state":"FL","zipCode":"33138"},
  {"street":"3838 SW 27th Ave","city":"Miami","state":"FL","zipCode":"33133"},
  {"street":"2121 NE 20th St","city":"Miami","state":"FL","zipCode":"33137"},
  {"street":"4848 SW 72nd St","city":"Miami","state":"FL","zipCode":"33143"},
  {"street":"1414 NE 29th Ave","city":"Miami","state":"FL","zipCode":"33137"},
  {"street":"5454 NE 36th St","city":"Miami","state":"FL","zipCode":"33137"},
  {"street":"3131 SW 107th Ave","city":"Miami","state":"FL","zipCode":"33175"},
  {"street":"4343 NE 54th St","city":"Miami","state":"FL","zipCode":"33137"},
  {"street":"2626 SW 152nd Ave","city":"Miami","state":"FL","zipCode":"33196"},
  {"street":"4949 NE 20th St","city":"Miami","state":"FL","zipCode":"33137"},
  {"street":"1515 SW 136th St","city":"Miami","state":"FL","zipCode":"33186"},
  {"street":"3232 NE 62nd St","city":"Miami","state":"FL","zipCode":"33138"},
  {"street":"2323 SW 72nd St","city":"Miami","state":"FL","zipCode":"33143"},
  {"street":"3939 SW 27th Ave","city":"Miami","state":"FL","zipCode":"33133"},
  {"street":"2727 NE 36th St","city":"Miami","state":"FL","zipCode":"33137"},
  {"street":"4040 SW 56th St","city":"Miami","state":"FL","zipCode":"33155"},
  {"street":"3333 NE 29th Ave","city":"Miami","state":"FL","zipCode":"33137"},
  {"street":"2828 SW 152nd Ave","city":"Miami","state":"FL","zipCode":"33196"},
  {"street":"4141 NE 54th St","city":"Miami","state":"FL","zipCode":"33137"},
  {"street":"2222 NE 36th St","city":"Miami","state":"FL","zipCode":"33137"},
  {"street":"3636 SW 107th Ave","city":"Miami","state":"FL","zipCode":"33175"},
  {"street":"2525 NE 29th Ave","city":"Miami","state":"FL","zipCode":"33137"}
]